Location,Period,Cases,Deaths
Afghanistan,2016,677,5
Afghanistan,2015,58064,8
Afghanistan,2014,45481,4
Afghanistan,2013,3957,14
Afghanistan,2012,12,0
Afghanistan,2011,3733,44
Afghanistan,2010,2369,10
Afghanistan,2009,662,11
Afghanistan,2008,4384,22
Afghanistan,2005,33,0
Afghanistan,2003,41,7
Afghanistan,2001,4499,114
Afghanistan,2000,4330,198
Afghanistan,1999,24639,152
Afghanistan,1998,10000,0
Afghanistan,1997,4170,125
Afghanistan,1995,19903,624
Afghanistan,1994,38735,118
Afghanistan,1993,37046,931
Afghanistan,1965,218,55
Afghanistan,1960,887,199
Albania,1994,626,25
Algeria,2006,0,0
Algeria,2005,0,0
Algeria,1994,118,4
Algeria,1992,69,0
Algeria,1990,1299,20
Algeria,1989,393,0
Algeria,1988,699,30
Algeria,1987,1507,0
Algeria,1984,45,0
Algeria,1983,218,9
Algeria,1980,614,18
Algeria,1979,2513,94
Algeria,1978,220,13
Algeria,1977,262,9
Algeria,1976,286,30
Algeria,1975,1165,118
Algeria,1974,738,50
Algeria,1973,605,74
Algeria,1972,646,71
Algeria,1971,1332,110
Angola,2016,78,3
Angola,2014,213,3
Angola,2013,6655,86
Angola,2012,1215,98
Angola,2011,1810,110
Angola,2010,1484,30
Angola,2009,2019,88
Angola,2008,10511,243
Angola,2007,18422,513
Angola,2006,67257,2722
Angola,2005,0,0
Angola,1996,1306,42
Angola,1995,3295,248
Angola,1994,3443,187
Angola,1992,3608,184
Angola,1991,8590,582
Angola,1990,9527,809
Angola,1989,17601,925
Angola,1988,15500,1542
Angola,1987,16222,1403
Angola,1977,726,31
Angola,1975,88,4
Angola,1974,934,34
Angola,1973,263,9
Angola,1972,268,24
Argentina,1998,12,0
Argentina,1997,637,12
Argentina,1996,474,5
Argentina,1995,188,1
Argentina,1994,889,15
Argentina,1993,2350,34
Armenia,1998,25,0
Australia,2016,1,0
Australia,2014,2,0
Australia,2013,3,0
Australia,2012,5,0
Australia,2011,6,0
Australia,2010,3,0
Australia,2007,3,0
Australia,2006,3,0
Australia,2005,2,0
Australia,2004,2,0
Australia,1999,4,0
Australia,1997,2,0
Australia,1996,2,0
Australia,1995,5,0
Australia,1994,3,0
Australia,1993,5,0
Australia,1992,3,0
Australia,1988,1,0
Australia,1987,1,0
Australia,1985,2,0
Australia,1984,1,0
Australia,1983,4,0
Australia,1982,1,0
Australia,1981,2,0
Australia,1980,2,0
Australia,1979,1,0
Australia,1978,1,0
Australia,1977,2,0
Australia,1972,40,0
Austria,2005,1,0
Austria,1999,1,0
Austria,1996,1,0
Austria,1994,1,0
Austria,1993,1,0
Austria,1990,2,0
Azerbaijan,1994,18,0
Bahamas,2012,1,0
Bahrain,2015,8,0
Bahrain,1979,39,0
Bahrain,1978,906,2
Bahrain,1973,37,0
Bahrain,1972,74,4
Bahrain,1965,1,0
Bangladesh,2000,1021,16
Bangladesh,1999,3440,63
Bangladesh,1998,1067,26
Bangladesh,1996,418,0
Bangladesh,1995,2297,61
Bangladesh,1994,562,41
Bangladesh,1993,78,0
Bangladesh,1992,479,29
Bangladesh,1991,8,0
Bangladesh,1990,82,4
Bangladesh,1989,94,2
Bangladesh,1988,571,43
Bangladesh,1987,523,23
Bangladesh,1979,2154,21
Bangladesh,1978,5576,81
Bangladesh,1977,10403,354
Bangladesh,1976,957,62
Bangladesh,1975,4888,117
Bangladesh,1974,5614,173
Bangladesh,1972,1059,201
Bangladesh,1971,2342,386
Bangladesh,1970,7419,1889
Bangladesh,1969,7411,1556
Bangladesh,1968,3156,614
Bangladesh,1967,664,369
Bangladesh,1966,3154,1234
Bangladesh,1965,1123,683
Bangladesh,1964,3333,2419
Bangladesh,1963,3975,1248
Bangladesh,1962,2524,1304
Bangladesh,1961,2663,1703
Bangladesh,1960,15618,6272
Bangladesh,1959,16915,11056
Bangladesh,1958,15631,10119
Bangladesh,1957,8054,5134
Bangladesh,1956,23699,15310
Bangladesh,1955,16642,9802
Bangladesh,1954,15617,9443
Bangladesh,1953,27631,16904
Bangladesh,1952,21154,12884
Bangladesh,1951,20894,12372
Bangladesh,1950,29809,12947
Belarus,1995,3,0
Belarus,1994,3,0
Belgium,2005,2,0
Belgium,2004,1,0
Belgium,1994,1,0
Belgium,1993,1,0
Belgium,1985,1,0
Belgium,1984,1,0
Belgium,1983,1,0
Belgium,1980,1,0
Belize,1999,12,0
Belize,1998,28,1
Belize,1997,2,0
Belize,1996,26,0
Belize,1995,19,1
Belize,1994,6,1
Belize,1993,135,3
Belize,1992,159,4
Benin,2016,761,13
Benin,2014,832,12
Benin,2013,528,6
Benin,2012,625,3
Benin,2011,755,4
Benin,2010,983,8
Benin,2009,74,1
Benin,2008,985,5
Benin,2006,91,1
Benin,2005,749,11
Benin,2004,642,9
Benin,2003,434,11
Benin,2002,270,13
Benin,2001,3943,71
Benin,2000,468,11
Benin,1999,855,25
Benin,1998,206,1
Benin,1997,796,16
Benin,1996,6190,203
Benin,1995,203,12
Benin,1994,187,20
Benin,1993,10,2
Benin,1992,413,17
Benin,1991,7474,259
Benin,1986,243,13
Benin,1984,1,0
Benin,1983,1,0
Benin,1982,3,0
Benin,1981,2,0
Benin,1980,3,0
Benin,1978,27,0
Benin,1977,2,0
Benin,1976,146,14
Benin,1975,45,1
Benin,1974,73,4
Benin,1973,3,2
Benin,1972,250,29
Benin,1971,2133,274
Benin,1970,175,37
Bhutan,1998,19,0
Bhutan,1995,25,0
Bhutan,1992,494,6
Bhutan,1991,422,19
Bolivia (Plurinational State of),1998,466,7
Bolivia (Plurinational State of),1997,1632,18
Bolivia (Plurinational State of),1996,2847,68
Bolivia (Plurinational State of),1995,2293,54
Bolivia (Plurinational State of),1994,2710,46
Bolivia (Plurinational State of),1993,10134,254
Bolivia (Plurinational State of),1992,22260,395
Bolivia (Plurinational State of),1991,206,12
Botswana,2009,15,2
Botswana,2008,8,1
Botswana,2006,0,0
Botswana,2005,0,0
Brazil,2011,1,0
Brazil,2005,5,0
Brazil,2004,21,0
Brazil,2001,7,0
Brazil,2000,715,17
Brazil,1999,4495,83
Brazil,1998,2571,27
Brazil,1997,2881,37
Brazil,1996,5522,33
Brazil,1995,15915,85
Brazil,1994,49455,452
Brazil,1993,59212,644
Brazil,1992,30317,363
Brazil,1991,2103,33
Brunei Darussalam,1999,93,0
Brunei Darussalam,1982,6,0
Brunei Darussalam,1970,24,0
Brunei Darussalam,1965,198,6
Brunei Darussalam,1955,1,0
Burkina Faso,2012,143,7
Burkina Faso,2011,20,2
Burkina Faso,2008,0,0
Burkina Faso,2006,0,0
Burkina Faso,2005,1050,16
Burkina Faso,2001,477,7
Burkina Faso,2000,617,14
Burkina Faso,1999,93,7
Burkina Faso,1998,1036,52
Burkina Faso,1996,425,58
Burkina Faso,1995,1451,113
Burkina Faso,1991,537,61
Burkina Faso,1985,1149,156
Burkina Faso,1984,2191,117
Burkina Faso,1978,1,0
Burkina Faso,1975,3,3
Burkina Faso,1974,632,66
Burkina Faso,1973,1118,249
Burkina Faso,1972,1,0
Burkina Faso,1971,1761,495
Burkina Faso,1970,1,1
Burundi,2016,434,5
Burundi,2015,442,0
Burundi,2014,582,9
Burundi,2013,1557,17
Burundi,2012,214,1
Burundi,2011,1072,1
Burundi,2010,333,1
Burundi,2009,355,0
Burundi,2008,234,4
Burundi,2007,365,2
Burundi,2006,886,7
Burundi,2005,1309,18
Burundi,2004,819,14
Burundi,2003,432,18
Burundi,2002,577,8
Burundi,2001,1003,20
Burundi,2000,1021,16
Burundi,1999,3440,63
Burundi,1998,1067,26
Burundi,1994,562,41
Burundi,1993,78,0
Burundi,1992,479,29
Burundi,1985,259,15
Burundi,1984,180,10
Burundi,1983,512,35
Burundi,1982,415,9
Burundi,1981,582,11
Burundi,1980,2039,28
Burundi,1979,915,31
Burundi,1978,8297,248
Cabo Verde,2006,0,0
Cabo Verde,2005,0,0
Cabo Verde,1998,133,1
Cabo Verde,1996,428,3
Cabo Verde,1995,12913,240
Cabo Verde,1994,128,12
Cabo Verde,1976,219,17
Cabo Verde,1975,20,3
Cabo Verde,1974,303,8
Cambodia,2010,588,1
Cambodia,2009,39,0
Cambodia,2004,57,1
Cambodia,1999,1711,130
Cambodia,1998,1197,66
Cambodia,1997,155,0
Cambodia,1996,740,20
Cambodia,1995,4190,123
Cambodia,1994,3085,211
Cambodia,1993,2252,104
Cambodia,1992,1229,120
Cambodia,1991,770,97
Cambodia,1990,5,0
Cambodia,1989,47,2
Cambodia,1988,56,0
Cambodia,1987,474,55
Cambodia,1975,66,0
Cambodia,1974,145,1
Cambodia,1973,159,14
Cambodia,1968,8,1
Cambodia,1967,4,0
Cambodia,1966,62,5
Cambodia,1964,187,27
Cambodia,1963,52,13
Cambodia,1958,3,0
Cambodia,1957,6,1
Cambodia,1956,1,1
Cambodia,1954,2,2
Cambodia,1953,11,8
Cambodia,1952,24,10
Cambodia,1951,57,40
Cambodia,1950,10,1
Cameroon,2015,124,6
Cameroon,2014,3355,184
Cameroon,2013,29,0
Cameroon,2012,363,5
Cameroon,2011,22433,783
Cameroon,2010,10759,657
Cameroon,2009,804,89
Cameroon,2008,0,0
Cameroon,2007,10,1
Cameroon,2006,922,35
Cameroon,2005,2847,110
Cameroon,2004,8005,137
Cameroon,2003,207,36
Cameroon,2002,66,8
Cameroon,2001,259,7
Cameroon,2000,123,29
Cameroon,1999,1584,35
Cameroon,1998,4603,316
Cameroon,1997,1709,180
Cameroon,1996,5796,485
Cameroon,1995,615,21
Cameroon,1994,527,61
Cameroon,1993,648,19
Cameroon,1992,1268,66
Cameroon,1991,4026,491
Cameroon,1990,16,0
Cameroon,1989,4,2
Cameroon,1988,4,0
Cameroon,1987,94,6
Cameroon,1986,165,12
Cameroon,1985,1158,103
Cameroon,1984,392,60
Cameroon,1983,55,18
Cameroon,1982,5,3
Cameroon,1981,243,17
Cameroon,1980,229,23
Cameroon,1979,16,4
Cameroon,1978,3,0
Cameroon,1976,135,27
Cameroon,1975,3,0
Cameroon,1974,83,16
Cameroon,1973,206,16
Cameroon,1972,362,27
Cameroon,1971,2167,336
Canada,2016,1,0
Canada,2015,3,0
Canada,2014,2,0
Canada,2013,1,0
Canada,2010,2,0
Canada,2009,2,0
Canada,2008,1,0
Canada,2007,1,0
Canada,2006,2,0
Canada,2005,7,0
Canada,2004,3,0
Canada,2002,4,0
Canada,2000,5,0
Canada,1998,2,0
Canada,1996,2,0
Canada,1995,7,0
Canada,1994,2,0
Canada,1993,6,1
Canada,1992,5,0
Canada,1991,2,0
Canada,1989,1,0
Central African Republic,2012,21,0
Central African Republic,2011,117,15
Central African Republic,2006,0,0
Central African Republic,2005,0,0
Central African Republic,2004,320,48
Central African Republic,1998,22,3
Central African Republic,1997,443,75
Chad,2011,17267,458
Chad,2010,6395,175
Chad,2009,67,6
Chad,2007,0,0
Chad,2006,1668,71
Chad,2005,90,14
Chad,2004,5531,272
Chad,2003,55,7
Chad,2001,5244,226
Chad,1999,217,18
Chad,1998,4095,144
Chad,1997,8801,443
Chad,1996,7830,448
Chad,1994,1094,43
Chad,1991,13915,1344
Chad,1974,338,87
Chad,1972,9,3
Chad,1971,8230,2411
Chile,2014,1,0
Chile,2013,2,0
Chile,2011,1,0
Chile,1998,24,2
Chile,1997,4,0
Chile,1996,1,0
Chile,1994,1,0
Chile,1993,32,0
Chile,1992,73,1
Chile,1991,41,2
China,2016,27,0
China,2015,13,0
China,2014,24,0
China,2013,53,1
China,2012,77,0
China,2010,157,0
China,2009,85,0
China,2008,174,0
China,2007,168,0
China,2006,161,2
China,2005,980,4
China,2004,244,1
China,2003,223,1
China,2001,140,0
China,2000,1846,3
China,1999,4589,0
China,1998,4642,0
China,1997,1177,29
China,1996,316,4
China,1995,10337,88
China,1994,34877,319
China,1993,11673,94
China,1992,583,1
China,1991,210,0
China,1990,644,5
China,1989,5628,59
China,1988,7267,89
China,1987,4,0
China,1980,88,0
China,1979,85,2
China,1967,1,0
China,1963,1,0
China,1962,384,24
China,1949,1,1
Colombia,2004,2,0
Colombia,1999,42,0
Colombia,1998,442,7
Colombia,1997,1508,32
Colombia,1996,4428,70
Colombia,1995,1922,35
Colombia,1994,996,14
Colombia,1993,230,0
Colombia,1992,15129,158
Colombia,1991,11979,207
Comoros,2008,4,0
Comoros,2007,1555,29
Comoros,2006,0,0
Comoros,2005,0,0
Comoros,2004,1,0
Comoros,2003,56,0
Comoros,2002,1567,46
Comoros,2001,226,4
Comoros,2000,3297,91
Comoros,1999,1180,42
Comoros,1998,7300,68
Comoros,1976,5,1
Comoros,1975,2675,238
Congo,2016,15,2
Congo,2013,1624,221
Congo,2012,1181,37
Congo,2009,93,0
Congo,2008,156,4
Congo,2007,7785,133
Congo,2006,175,10
Congo,2005,0,0
Congo,2000,9,2
Congo,1999,4813,20
Congo,1998,3222,22
Congo,1997,275,60
Congo,1979,5,0
Congo,1978,51,14
Costa Rica,1997,1,0
Costa Rica,1996,19,1
Costa Rica,1995,24,0
Costa Rica,1994,38,0
Costa Rica,1993,14,0
Costa Rica,1992,12,0
Côte d’Ivoire,2015,199,6
Côte d’Ivoire,2014,235,12
Côte d’Ivoire,2013,56,2
Côte d’Ivoire,2012,424,19
Côte d’Ivoire,2011,1261,24
Côte d’Ivoire,2010,32,0
Côte d’Ivoire,2009,5,2
Côte d’Ivoire,2008,7,1
Côte d’Ivoire,2007,8,1
Côte d’Ivoire,2006,414,15
Côte d’Ivoire,2005,39,6
Côte d’Ivoire,2004,105,9
Côte d’Ivoire,2003,1034,50
Côte d’Ivoire,2002,4188,143
Côte d’Ivoire,2001,5912,305
Côte d’Ivoire,1996,1345,22
Côte d’Ivoire,1995,4993,184
Côte d’Ivoire,1994,1108,55
Côte d’Ivoire,1993,724,42
Côte d’Ivoire,1992,37,7
Côte d’Ivoire,1991,604,116
Côte d’Ivoire,1982,34,0
Côte d’Ivoire,1979,3,0
Côte d’Ivoire,1971,668,9
Côte d’Ivoire,1970,868,39
Cuba,2015,65,0
Cuba,2014,76,0
Cuba,2013,181,0
Cuba,2012,417,3
Czechia,1970,4,1
Democratic People's Republic of Korea,1980,170,0
Democratic Republic of the Congo,2016,28093,759
Democratic Republic of the Congo,2015,19182,276
Democratic Republic of the Congo,2014,22203,372
Democratic Republic of the Congo,2013,26944,491
Democratic Republic of the Congo,2012,33661,819
Democratic Republic of the Congo,2011,21700,584
Democratic Republic of the Congo,2010,13884,182
Democratic Republic of the Congo,2009,22899,237
Democratic Republic of the Congo,2008,30150,548
Democratic Republic of the Congo,2007,28269,600
Democratic Republic of the Congo,2006,20642,426
Democratic Republic of the Congo,2005,13430,244
Democratic Republic of the Congo,2004,7665,228
Democratic Republic of the Congo,2003,27272,989
Democratic Republic of the Congo,2001,5728,390
Democratic Republic of the Congo,2000,14995,941
Democratic Republic of the Congo,1999,12711,783
Democratic Republic of the Congo,1998,34899,2926
Democratic Republic of the Congo,1997,2421,326
Democratic Republic of the Congo,1996,7886,638
Democratic Republic of the Congo,1995,553,22
Democratic Republic of the Congo,1994,58057,4181
Democratic Republic of the Congo,1993,986,175
Democratic Republic of the Congo,1991,4066,294
Democratic Republic of the Congo,1990,468,61
Democratic Republic of the Congo,1989,99,6
Democratic Republic of the Congo,1988,295,32
Democratic Republic of the Congo,1987,1150,218
Democratic Republic of the Congo,1986,1059,125
Democratic Republic of the Congo,1985,740,30
Democratic Republic of the Congo,1984,162,3
Democratic Republic of the Congo,1983,2977,245
Democratic Republic of the Congo,1982,10328,693
Democratic Republic of the Congo,1981,2379,800
Democratic Republic of the Congo,1980,1051,81
Democratic Republic of the Congo,1979,5515,511
Democratic Republic of the Congo,1978,3481,183
Denmark,2016,1,0
Denmark,2008,1,0
Denmark,2004,1,0
Denmark,1995,3,0
Denmark,1994,2,0
Denmark,1993,2,0
Denmark,1990,1,0
Djibouti,2011,127,1
Djibouti,2010,2047,19
Djibouti,2007,1087,27
Djibouti,2000,1828,32
Djibouti,1998,164,3
Djibouti,1997,2424,50
Djibouti,1994,1122,15
Djibouti,1993,10055,99
Djibouti,1985,115,7
Djibouti,1978,3,2
Djibouti,1977,2,0
Djibouti,1976,2,0
Djibouti,1972,8,3
Djibouti,1971,440,81
Djibouti,1970,6,3
Dominican Republic,2016,1159,27
Dominican Republic,2015,546,15
Dominican Republic,2014,603,11
Dominican Republic,2012,7919,68
Dominican Republic,2011,20851,336
Dominican Republic,2010,191,0
Ecuador,2004,5,0
Ecuador,2001,9,0
Ecuador,2000,27,1
Ecuador,1999,90,0
Ecuador,1998,3724,37
Ecuador,1997,65,3
Ecuador,1996,1059,12
Ecuador,1995,2160,23
Ecuador,1994,1785,16
Ecuador,1993,6833,72
Ecuador,1992,31870,208
Ecuador,1991,46320,697
El Salvador,2000,631,2
El Salvador,1999,134,0
El Salvador,1998,8,0
El Salvador,1996,182,2
El Salvador,1995,2923,2
El Salvador,1994,11745,38
El Salvador,1993,6573,14
El Salvador,1992,8717,45
El Salvador,1991,947,34
Equatorial Guinea,2006,0,0
Equatorial Guinea,2005,6391,33
Equatorial Guinea,2004,59,1
Equatorial Guinea,1985,108,1
Equatorial Guinea,1984,404,31
Eritrea,2008,1,0
Eritrea,2007,119,9
Eritrea,2006,0,0
Eritrea,2005,0,0
Estonia,1993,2,0
Eswatini,2009,19,0
Eswatini,2008,1,0
Eswatini,2007,0,0
Eswatini,2006,18,0
Eswatini,2005,0,0
Eswatini,2004,1075,16
Eswatini,2003,32,13
Eswatini,2002,134,2
Eswatini,2001,5612,107
Eswatini,2000,141,16
Eswatini,1999,7,0
Eswatini,1998,7,0
Eswatini,1996,2,0
Eswatini,1992,2281,30
Eswatini,1982,538,13
Eswatini,1981,238,17
Ethiopia,2010,1682,21
Ethiopia,2009,31509,434
Ethiopia,2008,3862,23
Ethiopia,2007,24121,272
Ethiopia,2006,54070,575
Ethiopia,2005,0,0
Ethiopia,2004,16,0
Ethiopia,1982,0,0
Ethiopia,1971,2187,124
Ethiopia,1970,850,72
Finland,2008,1,0
Finland,2005,1,0
Finland,1995,1,0
France,2015,1,0
France,2014,1,0
France,2011,1,0
France,2009,1,0
France,2008,2,0
France,2007,4,0
France,2006,2,0
France,2000,5,0
France,1998,2,0
France,1997,3,0
France,1996,8,0
France,1995,6,0
France,1994,4,0
France,1993,5,0
France,1991,7,0
France,1990,6,1
France,1987,7,0
France,1986,37,0
France,1984,1,0
France,1983,3,0
France,1982,18,0
France,1980,1,0
France,1979,8,0
France,1976,5,0
France,1975,9,0
France,1974,5,0
France,1973,4,0
France,1971,3,0
France,1970,1,0
Gabon,2008,2,0
Gabon,2006,0,0
Gabon,2005,0,0
Gabon,2003,629,0
Gabon,1981,7,0
Gabon,1979,5,2
Gambia,2008,1,0
Gambia,2007,12,1
Gambia,2006,0,0
Gambia,2005,214,13
Gambia,1996,7,0
Gambia,1995,15,0
Gambia,1994,1,0
Gambia,1985,2,0
Georgia,1993,8,0
Germany,2016,1,Unknown
Germany,2014,1,0
Germany,2011,4,0
Germany,2010,4,1
Germany,2007,2,0
Germany,2006,1,0
Germany,2004,3,0
Germany,1999,3,0
Germany,1997,2,0
Germany,1995,1,0
Germany,1994,5,0
Germany,1993,1,0
Germany,1992,1,0
Germany,1990,1,0
"Germany, Federal Republic (former)",1989,1,0
"Germany, Federal Republic (former)",1988,2,0
"Germany, Federal Republic (former)",1986,2,0
"Germany, Federal Republic (former)",1982,1,0
"Germany, Federal Republic (former)",1981,4,0
"Germany, Federal Republic (former)",1980,4,0
"Germany, Federal Republic (former)",1977,1,0
"Germany, Federal Republic (former)",1976,2,0
"Germany, Federal Republic (former)",1974,3,0
"Germany, Federal Republic (former)",1973,6,0
"Germany, Federal Republic (former)",1972,2,0
"Germany, Federal Republic (former)",1971,1,0
Ghana,2016,175,0
Ghana,2015,692,8
Ghana,2014,28944,243
Ghana,2013,50,0
Ghana,2012,9548,100
Ghana,2011,10628,105
Ghana,2010,438,3
Ghana,2009,1294,9
Ghana,2008,1223,25
Ghana,2007,179,18
Ghana,2006,3357,107
Ghana,2005,3166,51
Ghana,2004,407,6
Ghana,2003,204,4
Ghana,2002,3614,65
Ghana,2001,5487,160
Ghana,2000,3331,74
Ghana,1999,9432,260
Ghana,1998,3426,108
Ghana,1997,379,12
Ghana,1996,1665,70
Ghana,1995,4698,93
Ghana,1994,2267,54
Ghana,1993,1448,38
Ghana,1992,228,23
Ghana,1991,13172,409
Ghana,1990,2937,60
Ghana,1985,60,0
Ghana,1984,1015,92
Ghana,1983,14160,819
Ghana,1982,11051,1225
Ghana,1981,943,62
Ghana,1980,260,21
Ghana,1979,1783,113
Ghana,1978,1853,120
Ghana,1977,6565,353
Ghana,1976,102,0
Ghana,1975,187,10
Ghana,1974,483,37
Ghana,1973,677,39
Ghana,1972,625,32
Ghana,1971,13048,641
Ghana,1970,2733,180
Greece,1993,1,0
Greece,1986,1,0
Guatemala,2002,1,0
Guatemala,2001,13,0
Guatemala,2000,612,6
Guatemala,1999,2077,0
Guatemala,1998,5970,57
Guatemala,1997,1263,0
Guatemala,1996,1568,14
Guatemala,1995,7970,95
Guatemala,1994,5282,36
Guatemala,1993,30604,306
Guatemala,1992,15395,207
Guatemala,1991,3674,50
Guinea,2014,1,0
Guinea,2013,319,32
Guinea,2012,7350,133
Guinea,2011,3,0
Guinea,2009,42,0
Guinea,2008,513,32
Guinea,2007,8546,311
Guinea,2006,3242,219
Guinea,2005,3821,107
Guinea,2004,1516,117
Guinea,2003,6,1
Guinea,2002,61,11
Guinea,2001,392,22
Guinea,2000,519,32
Guinea,1999,599,28
Guinea,1998,881,53
Guinea,1996,287,17
Guinea,1995,6506,565
Guinea,1994,31415,671
Guinea,1986,286,58
Guinea-Bissau,2014,11,2
Guinea-Bissau,2013,969,28
Guinea-Bissau,2012,3068,22
Guinea-Bissau,2009,5,0
Guinea-Bissau,2008,14323,225
Guinea-Bissau,2007,153,8
Guinea-Bissau,2006,37,0
Guinea-Bissau,2005,25111,399
Guinea-Bissau,2004,155,3
Guinea-Bissau,2003,290,2
Guinea-Bissau,2002,842,6
Guinea-Bissau,1998,126,2
Guinea-Bissau,1997,20555,905
Guinea-Bissau,1996,8397,84
Guinea-Bissau,1995,119,0
Guinea-Bissau,1994,15296,285
Guinea-Bissau,1987,6000,68
Guinea-Bissau,1986,200,50
Guyana,1993,66,2
Guyana,1992,576,8
Haiti,2016,41421,447
Haiti,2015,36045,322
Haiti,2014,27753,296
Haiti,2013,58809,593
Haiti,2012,112076,894
Haiti,2011,340311,2869
Haiti,2010,179379,3990
Honduras,2001,1,0
Honduras,2000,8,0
Honduras,1999,56,3
Honduras,1998,306,13
Honduras,1997,100,1
Honduras,1996,708,14
Honduras,1995,4717,77
Honduras,1994,5049,102
Honduras,1993,4013,102
Honduras,1992,407,17
Honduras,1991,17,0
Hungary,1997,1,0
India,2016,841,3
India,2015,889,4
India,2014,4031,21
India,2013,6008,54
India,2010,5155,9
India,2008,2680,1
India,2007,2635,3
India,2006,1939,3
India,2005,3155,6
India,2004,4695,7
India,2003,2893,2
India,2002,3455,10
India,2001,4081,6
India,2000,4053,20
India,1999,3839,6
India,1998,7151,11
India,1997,2768,16
India,1996,4396,34
India,1995,3315,5
India,1994,4973,32
India,1993,12084,51
India,1992,6911,55
India,1991,6993,149
India,1990,3583,83
India,1989,5640,93
India,1988,17162,380
India,1987,11934,240
India,1986,4208,70
India,1985,5808,155
India,1984,2527,27
India,1983,8542,309
India,1982,4656,213
India,1981,4681,150
India,1980,8344,307
India,1979,5073,113
India,1978,10585,246
India,1977,8376,289
India,1976,14946,662
India,1975,22049,2330
India (until 1975),1974,30903,2289
India (until 1975),1973,41611,5406
India (until 1975),1972,20435,2845
India (until 1975),1971,71386,10478
India (until 1975),1970,15067,3420
India (until 1975),1966,13052,2799
India (until 1975),1965,42677,12664
India (until 1975),1964,53011,17035
India (until 1975),1963,44839,16357
India (until 1975),1962,51082,27141
India (until 1975),1961,47637,26946
India (until 1975),1959,14852,7696
India (until 1975),1958,66849,49818
India (until 1975),1957,54961,49715
India (until 1975),1956,39829,17206
India (until 1975),1955,23533,7662
India (until 1975),1954,22146,19368
India (until 1975),1953,213225,124227
India (until 1975),1952,101493,58252
India (until 1975),1951,86787,41543
India (until 1975),1950,625,396
Indonesia,2008,1007,27
Indonesia,2005,1338,19
Indonesia,2001,561,6
Indonesia,1997,66,0
Indonesia,1996,66,0
Indonesia,1994,47,0
Indonesia,1993,3564,25
Indonesia,1992,25,0
Indonesia,1991,6202,55
Indonesia,1990,155,0
Indonesia,1989,67,0
Indonesia,1988,50,0
Indonesia,1987,659,18
Indonesia,1986,11915,391
Indonesia,1985,4732,85
Indonesia,1984,7921,59
Indonesia,1983,13832,346
Indonesia,1982,10391,535
Indonesia,1981,18354,463
Indonesia,1980,5541,150
Indonesia,1979,18817,769
Indonesia,1978,10683,507
Indonesia,1977,17112,780
Indonesia,1976,41264,2665
Indonesia,1975,48387,3715
Indonesia,1974,41474,3920
Indonesia,1973,52042,3058
Indonesia,1972,44383,6956
Indonesia,1971,23555,3607
Indonesia,1970,5997,1257
Indonesia,1969,627,262
Indonesia,1968,135,22
Indonesia,1967,700,139
Indonesia,1966,204,36
Indonesia,1964,326,69
Indonesia,1963,535,83
Indonesia,1962,428,80
Indonesia,1961,1742,474
Indonesia,1960,41,22
Iran (Islamic Republic of),2015,86,1
Iran (Islamic Republic of),2013,256,7
Iran (Islamic Republic of),2012,53,0
Iran (Islamic Republic of),2011,1187,12
Iran (Islamic Republic of),2008,72,4
Iran (Islamic Republic of),2007,19,0
Iran (Islamic Republic of),2005,1133,11
Iran (Islamic Republic of),2004,94,1
Iran (Islamic Republic of),2003,96,0
Iran (Islamic Republic of),2000,345,3
Iran (Islamic Republic of),1999,1369,21
Iran (Islamic Republic of),1998,270,1
Iran (Islamic Republic of),1997,1106,9
Iran (Islamic Republic of),1995,2177,59
Iran (Islamic Republic of),1994,15,0
Iran (Islamic Republic of),1993,1347,5
Iran (Islamic Republic of),1992,97,4
Iran (Islamic Republic of),1991,1892,32
Iran (Islamic Republic of),1990,178,3
Iran (Islamic Republic of),1989,5222,85
Iran (Islamic Republic of),1988,486,15
Iran (Islamic Republic of),1987,295,4
Iran (Islamic Republic of),1986,20,1
Iran (Islamic Republic of),1985,1208,9
Iran (Islamic Republic of),1984,531,5
Iran (Islamic Republic of),1983,270,0
Iran (Islamic Republic of),1982,427,0
Iran (Islamic Republic of),1981,6034,108
Iran (Islamic Republic of),1980,1599,32
Iran (Islamic Republic of),1979,1856,56
Iraq,2016,5,0
Iraq,2015,4965,2
Iraq,2013,1,0
Iraq,2012,4693,4
Iraq,2010,2,0
Iraq,2009,6,0
Iraq,2008,925,11
Iraq,2007,4697,24
Iraq,2004,35,0
Iraq,2003,187,0
Iraq,2000,532,4
Iraq,1998,53,1
Iraq,1996,1,0
Iraq,1995,820,3
Iraq,1994,838,0
Iraq,1993,280,0
Iraq,1992,97,0
Iraq,1991,877,6
Iraq,1978,96,0
Iraq,1977,133,1
Iraq,1966,227,20
Israel,2013,1,0
Israel,1988,1,0
Israel,1987,2,0
Israel,1982,1,0
Israel,1972,11,0
Israel,1971,1,0
Israel,1970,185,10
Italy,2013,1,0
Italy,2007,1,0
Italy,2006,1,0
Italy,1998,2,9
Italy,1995,1,0
Italy,1994,12,9
Italy,1979,8,0
Italy,1977,2,0
Italy,1975,1,0
Italy,1973,278,23
Japan,2016,10,0
Japan,2014,5,0
Japan,2013,8,0
Japan,2012,3,0
Japan,2007,0,0
Japan,2006,34,0
Japan,2005,43,0
Japan,2004,66,0
Japan,2003,16,0
Japan,2002,27,0
Japan,2000,34,0
Japan,1999,40,0
Japan,1998,60,0
Japan,1997,89,0
Japan,1996,39,0
Japan,1995,321,1
Japan,1994,91,0
Japan,1993,89,0
Japan,1992,46,0
Japan,1991,90,1
Japan,1990,73,0
Japan,1989,95,0
Japan,1988,33,0
Japan,1987,34,0
Japan,1986,26,0
Japan,1985,36,0
Japan,1984,55,0
Japan,1983,35,0
Japan,1982,16,0
Japan,1981,19,0
Japan,1980,23,0
Japan,1979,11,0
Japan,1978,34,1
Japan,1977,52,1
Japan,1976,6,0
Japan,1975,3,0
Japan,1964,2,1
Japan,1963,16,0
Jordan,1990,2,0
Jordan,1981,870,4
Jordan,1979,141,0
Jordan,1977,427,1
Jordan,1976,152,0
Jordan,1970,3,0
Kazakhstan,2008,1,0
Kazakhstan,1997,4,0
Kazakhstan,1995,16,0
Kazakhstan,1994,3,0
Kazakhstan,1993,74,0
Kenya,2016,5866,80
Kenya,2015,13291,67
Kenya,2014,35,9
Kenya,2011,74,2
Kenya,2010,3188,63
Kenya,2009,11425,264
Kenya,2008,3091,113
Kenya,2007,1206,67
Kenya,2006,870,11
Kenya,2005,816,21
Kenya,2004,870,15
Kenya,2002,291,10
Kenya,2001,1001,55
Kenya,2000,1157,78
Kenya,1999,11039,350
Kenya,1998,22432,1237
Kenya,1997,17200,555
Kenya,1996,482,14
Kenya,1995,1547,39
Kenya,1994,880,28
Kenya,1992,3388,100
Kenya,1989,918,32
Kenya,1987,255,12
Kenya,1986,839,45
Kenya,1985,1352,102
Kenya,1984,14,0
Kenya,1983,1049,53
Kenya,1982,3498,91
Kenya,1981,2424,108
Kenya,1980,2808,42
Kenya,1979,1070,2
Kenya,1978,673,17
Kenya,1977,21,0
Kenya,1976,1359,59
Kenya,1975,1093,74
Kenya,1974,402,20
Kenya,1972,51,0
Kenya,1971,239,38
Kiribati (until 1984),1978,494,0
Kiribati (until 1984),1977,1307,21
Kuwait,2015,5,0
Kuwait,1993,1,0
Kuwait,1989,133,0
Kuwait,1986,38,0
Kuwait,1985,113,0
Kuwait,1981,8,0
Kuwait,1979,3,0
Kuwait,1978,1,0
Kuwait,1977,13,0
Kuwait,1976,2,0
Kuwait,1975,3,1
Kuwait,1970,4,0
Kyrgyzstan,1994,4,0
Lao People's Democratic Republic,2010,237,4
Lao People's Democratic Republic,2008,201,0
Lao People's Democratic Republic,2007,169,3
Lao People's Democratic Republic,1996,720,33
Lao People's Democratic Republic,1995,1365,174
Lao People's Democratic Republic,1994,9660,606
Lao People's Democratic Republic,1993,5521,255
Lao People's Democratic Republic,1969,448,21
Lao People's Democratic Republic,1953,31,18
Lebanon,2005,1,0
Lebanon,1993,344,23
Lebanon,1977,30,0
Lebanon,1970,54,1
Lesotho,2006,0,0
Lesotho,2005,0,0
Liberia,2014,44,0
Liberia,2013,92,0
Liberia,2012,219,0
Liberia,2010,1546,0
Liberia,2009,1070,2
Liberia,2008,1236,3
Liberia,2007,3063,7
Liberia,2006,4929,17
Liberia,2005,3823,18
Liberia,2004,2786,4
Liberia,2003,34740,38
Liberia,2002,1115,0
Liberia,2001,1062,0
Liberia,2000,365,10
Liberia,1999,215,0
Liberia,1998,2123,17
Liberia,1997,91,0
Liberia,1996,8922,169
Liberia,1995,3420,126
Liberia,1994,764,17
Liberia,1991,132,40
Liberia,1989,28,0
Liberia,1988,68,1
Liberia,1987,33,1
Liberia,1986,59,0
Liberia,1985,355,3
Liberia,1984,492,8
Liberia,1983,183,12
Liberia,1982,670,8
Liberia,1981,1582,33
Liberia,1980,2690,55
Liberia,1979,438,6
Liberia,1978,422,9
Liberia,1977,512,18
Liberia,1976,646,10
Liberia,1975,704,16
Liberia,1974,512,12
Liberia,1973,1336,27
Liberia,1972,947,28
Liberia,1971,606,106
Liberia,1970,168,27
Libya,1995,22,2
Libya,1970,1151,28
Madagascar,2006,0,0
Madagascar,2005,0,0
Madagascar,2003,5,0
Madagascar,2002,27,0
Madagascar,2001,7219,413
Madagascar,2000,29305,1672
Madagascar,1999,9973,549
Madagascar,1996,0,0
Madagascar,1971,2,0
Malawi,2016,1792,46
Malawi,2015,693,11
Malawi,2012,187,2
Malawi,2011,120,4
Malawi,2010,1155,17
Malawi,2009,5751,125
Malawi,2008,831,26
Malawi,2007,475,5
Malawi,2006,4148,55
Malawi,2005,1105,11
Malawi,2004,675,4
Malawi,2003,2736,34
Malawi,2002,32618,911
Malawi,2001,2395,42
Malawi,2000,2391,56
Malawi,1999,26508,648
Malawi,1998,1745,74
Malawi,1997,130,15
Malawi,1996,1,0
Malawi,1995,1,0
Malawi,1994,107,11
Malawi,1993,25193,524
Malawi,1992,298,8
Malawi,1991,8088,245
Malawi,1990,13457,481
Malawi,1989,8351,16
Malawi,1988,6,0
Malawi,1983,487,49
Malawi,1981,261,0
Malawi,1978,263,24
Malawi,1977,577,0
Malawi,1976,19,0
Malawi,1973,371,20
Malaysia,2015,244,2
Malaysia,2014,134,1
Malaysia,2013,171,1
Malaysia,2012,282,1
Malaysia,2011,586,10
Malaysia,2010,443,6
Malaysia,2009,187,1
Malaysia,2007,0,0
Malaysia,2006,237,2
Malaysia,2004,16,0
Malaysia,2001,557,11
Malaysia,2000,124,1
Malaysia,1999,535,0
Malaysia,1998,1304,19
Malaysia,1997,389,4
Malaysia,1996,1486,0
Malaysia,1995,2209,27
Malaysia,1994,534,0
Malaysia,1993,995,13
Malaysia,1992,474,8
Malaysia,1991,506,6
Malaysia,1990,2071,38
Malaysia,1989,393,14
Malaysia,1988,1324,32
Malaysia,1987,1168,18
Malaysia,1986,55,2
Malaysia,1985,52,2
Malaysia,1984,67,1
Malaysia,1983,2195,38
Malaysia,1982,516,17
Malaysia,1981,469,14
Malaysia,1980,97,7
Malaysia,1979,502,10
Malaysia,1978,1635,64
Malaysia,1977,444,12
Malaysia,1976,246,4
Malaysia,1975,110,8
Malaysia,1974,349,0
Malaysia,1973,369,17
Malaysia,1972,864,11
Malaysia,1971,53,1
Malaysia,1970,106,3
Malaysia,1968,15,3
Malaysia,1966,5,0
Malaysia,1965,16,1
Malaysia,1964,512,143
Malaysia,1963,349,24
Malaysia,1954,1,0
Maldives,1978,11336,220
Mali,2013,23,2
Mali,2012,219,19
Mali,2011,2220,95
Mali,2008,153,5
Mali,2006,7,0
Mali,2005,1178,76
Mali,2004,2839,205
Mali,2003,1455,119
Mali,2002,18,2
Mali,2001,67,9
Mali,2000,1885,51
Mali,1999,6,3
Mali,1997,6,3
Mali,1996,5723,761
Mali,1995,2191,231
Mali,1987,352,84
Mali,1986,1916,151
Mali,1985,3759,838
Mali,1984,1795,406
Mali,1974,130,21
Mali,1973,219,32
Mali,1972,2,0
Mali,1971,4792,1321
Mali,1970,2665,201
Marshall Islands,2000,300,6
Mauritania,2011,46,3
Mauritania,2007,3,0
Mauritania,2006,25,0
Mauritania,2005,4132,70
Mauritania,2003,34,8
Mauritania,2002,80,0
Mauritania,1997,462,7
Mauritania,1996,4534,148
Mauritania,1989,700,27
Mauritania,1988,575,38
Mauritania,1987,1578,101
Mauritania,1986,3734,113
Mauritania,1985,259,20
Mauritania,1984,166,15
Mauritania,1973,150,22
Mauritania,1972,148,24
Mauritania,1971,1139,53
Mauritius,2006,0,0
Mauritius,2005,0,0
Mexico,2015,1,0
Mexico,2014,14,0
Mexico,2013,187,1
Mexico,2012,2,0
Mexico,2011,1,0
Mexico,2010,1,0
Mexico,2008,1,0
Mexico,2001,1,0
Mexico,2000,5,0
Mexico,1998,71,0
Mexico,1997,2356,1
Mexico,1996,1088,5
Mexico,1995,16430,137
Mexico,1994,4059,56
Mexico,1993,10712,193
Mexico,1992,8162,99
Mexico,1991,2690,34
Micronesia (Federated States of),2005,0,0
Micronesia (Federated States of),2001,14,0
Micronesia (Federated States of),2000,3452,20
Micronesia (Federated States of),1996,1,0
Micronesia (Federated States of),1990,34,1
Mongolia,2005,0,0
Mongolia,1996,177,12
Morocco,1994,6,0
Morocco,1990,4573,137
Morocco,1976,2,0
Morocco,1972,7,0
Morocco,1971,56,0
Mozambique,2016,883,2
Mozambique,2015,8739,64
Mozambique,2014,480,1
Mozambique,2013,1869,19
Mozambique,2012,647,7
Mozambique,2011,1279,5
Mozambique,2010,7430,117
Mozambique,2009,19679,155
Mozambique,2008,9087,102
Mozambique,2007,2622,22
Mozambique,2006,6306,29
Mozambique,2005,2226,24
Mozambique,2004,20080,110
Mozambique,2003,13758,102
Mozambique,2002,24375,342
Mozambique,2001,8794,102
Mozambique,2000,17649,238
Mozambique,1999,44329,1194
Mozambique,1998,42672,1353
Mozambique,1997,8739,259
Mozambique,1996,0,0
Mozambique,1994,692,27
Mozambique,1993,19803,507
Mozambique,1992,30802,727
Mozambique,1991,7847,328
Mozambique,1990,4152,194
Mozambique,1989,371,12
Mozambique,1986,1,0
Mozambique,1985,3,0
Mozambique,1984,521,11
Mozambique,1983,10745,447
Mozambique,1982,2301,199
Mozambique,1981,1753,132
Mozambique,1980,1212,85
Mozambique,1979,4564,547
Mozambique,1977,18,3
Mozambique,1976,3,2
Mozambique,1975,11,3
Mozambique,1974,1018,138
Mozambique,1973,453,87
Myanmar,2016,782,11
Myanmar,2015,103,12
Myanmar,2013,33,0
Myanmar,2012,174,0
Myanmar,2008,45,1
Myanmar,1995,1296,6
Myanmar,1994,421,4
Myanmar,1993,1758,52
Myanmar,1992,826,50
Myanmar,1991,924,39
Myanmar,1989,597,11
Myanmar,1983,989,29
Myanmar,1981,28,3
Myanmar,1980,1018,50
Myanmar,1979,874,75
Myanmar,1978,3551,372
Myanmar,1976,1519,173
Myanmar,1975,2942,172
Myanmar,1974,2363,203
Myanmar,1973,386,24
Myanmar,1972,180,7
Myanmar,1971,378,42
Myanmar,1970,911,76
Myanmar,1969,205,34
Myanmar,1968,3,0
Myanmar,1967,9,0
Myanmar,1966,263,17
Myanmar,1965,207,8
Myanmar,1964,922,171
Myanmar,1963,3019,783
Myanmar,1962,1,0
Myanmar,1961,1,0
Myanmar,1960,259,200
Myanmar,1959,3,2
Myanmar,1958,7,3
Myanmar,1957,10,3
Myanmar,1956,13,6
Myanmar,1955,42,12
Myanmar,1954,35,19
Myanmar,1953,22,9
Myanmar,1952,347,245
Myanmar,1951,6753,4685
Myanmar,1950,4212,2785
Namibia,2014,485,13
Namibia,2013,3,0
Namibia,2009,159,3
Namibia,2008,3496,38
Namibia,2007,14,0
Namibia,2006,185,5
Namibia,2005,0,0
Nauru,1979,50,0
Nauru,1978,38,0
Nepal,2016,169,0
Nepal,2015,80,0
Nepal,2014,933,2
Nepal,2012,34,0
Nepal,2010,1790,9
Nepal,2009,82,0
Nepal,2007,264,0
Nepal,1998,1745,17
Nepal,1997,245,0
Nepal,1996,274,1
Nepal,1995,157,0
Nepal,1994,32,0
Nepal,1993,31,0
Nepal,1992,798,15
Nepal,1991,30648,873
Nepal,1990,23888,495
Nepal,1989,141,2
Nepal,1981,24,0
Nepal,1980,1,0
Nepal,1979,22,0
Nepal,1978,1662,10
Nepal,1977,428,4
Nepal,1976,185,1
Nepal,1975,260,0
Nepal,1974,8,0
Nepal,1973,7,0
Nepal,1972,1,0
Nepal,1971,4,0
Nepal,1970,391,1
Nepal,1969,226,6
Nepal,1968,34,17
Nepal,1966,2,0
Nepal,1965,727,97
Nepal,1958,2706,384
Netherlands,2016,1,0
Netherlands,2008,5,0
Netherlands,2006,3,0
Netherlands,2005,4,0
Netherlands,2004,1,0
Netherlands,1999,2,0
Netherlands,1998,4,0
Netherlands,1997,2,0
Netherlands,1996,3,0
Netherlands,1995,9,0
Netherlands,1994,1,0
Netherlands,1993,3,0
Netherlands,1990,3,0
Netherlands,1988,1,0
Netherlands,1983,2,0
Netherlands,1979,5,0
Netherlands,1978,4,0
Netherlands,1977,1,0
Netherlands,1976,1,1
New Zealand,2005,1,0
New Zealand,1999,1,0
New Zealand,1998,1,0
New Zealand,1995,2,0
New Zealand,1994,2,0
New Zealand,1990,5,0
New Zealand,1987,2,0
New Zealand,1972,3,1
Nicaragua,2000,12,0
Nicaragua,1999,552,7
Nicaragua,1998,1437,29
Nicaragua,1997,1283,36
Nicaragua,1996,2813,107
Nicaragua,1995,8825,164
Nicaragua,1994,7821,134
Nicaragua,1993,6631,220
Nicaragua,1992,3067,46
Nicaragua,1991,1,0
Niger,2016,38,6
Niger,2015,51,4
Niger,2014,2059,80
Niger,2013,585,13
Niger,2012,5284,110
Niger,2011,2324,60
Niger,2010,1154,66
Niger,2008,972,70
Niger,2007,24,2
Niger,2006,1232,81
Niger,2005,553,55
Niger,2004,2178,57
Niger,2003,292,11
Niger,2002,236,12
Niger,2001,81,1
Niger,2000,225,38
Niger,1999,1186,85
Niger,1997,259,13
Niger,1996,3957,206
Niger,1995,264,15
Niger,1994,732,83
Niger,1991,3238,367
Niger,1989,166,22
Niger,1984,3788,308
Niger,1981,7,0
Niger,1974,286,75
Niger,1973,121,16
Niger,1972,51,12
Niger,1971,9265,2344
Niger,1970,16,8
Nigeria,2016,768,32
Nigeria,2015,5290,186
Nigeria,2014,35996,755
Nigeria,2013,6600,229
Nigeria,2012,597,18
Nigeria,2011,23377,742
Nigeria,2010,44456,1712
Nigeria,2009,13691,431
Nigeria,2008,5410,247
Nigeria,2007,1661,48
Nigeria,2006,2028,127
Nigeria,2005,4477,174
Nigeria,2004,3186,185
Nigeria,2003,1933,87
Nigeria,2002,5429,154
Nigeria,2001,2312,119
Nigeria,2000,2799,43
Nigeria,1999,26358,2085
Nigeria,1998,3464,187
Nigeria,1997,1322,134
Nigeria,1996,12374,1193
Nigeria,1995,1059,87
Nigeria,1994,2859,313
Nigeria,1993,4160,266
Nigeria,1992,8687,686
Nigeria,1991,59478,7654
Nigeria,1989,1078,61
Nigeria,1988,137,10
Nigeria,1987,1290,111
Nigeria,1986,91,23
Nigeria,1985,30,0
Nigeria,1984,1667,185
Nigeria,1983,178,2
Nigeria,1982,248,18
Nigeria,1981,107,18
Nigeria,1980,138,25
Nigeria,1979,293,4
Nigeria,1978,197,20
Nigeria,1977,376,10
Nigeria,1976,112,25
Nigeria,1975,38,1
Nigeria,1973,157,27
Nigeria,1972,1363,96
Nigeria,1971,22931,2945
Nigeria,1970,15,4
Norway,2015,1,0
Norway,2007,1,0
Norway,2006,1,0
Norway,2005,1,0
Norway,1998,2,0
Norway,1995,1,0
Norway,1989,1,0
Norway,1987,1,0
Oman,2015,1,0
Oman,1971,9,8
Pakistan,2014,1218,6
Pakistan,2013,1069,23
Pakistan,2012,144,8
Pakistan,2011,527,219
Pakistan,2010,164,0
Pakistan,1993,12092,206
Pakistan,1981,4,0
Pakistan,1977,12,1
Pakistan,1971,1185,43
Pakistan,1970,2,0
Pakistan,1969,717,17
Pakistan,1968,3932,55
Pakistan,1965,21,1
Pakistan,1960,6704,1107
Pakistan,1958,366,86
Panama,1993,42,4
Panama,1992,2416,49
Panama,1991,1178,29
Papua New Guinea,2011,1535,2
Papua New Guinea,2010,8997,95
Papua New Guinea,2005,0,0
Papua New Guinea,1962,1293,464
Paraguay,2009,5,0
Paraguay,1996,4,0
Paraguay,1993,3,0
Peru,2002,16,0
Peru,2001,494,0
Peru,2000,934,6
Peru,1999,1546,6
Peru,1998,41717,568
Peru,1997,3483,29
Peru,1996,4518,21
Peru,1995,22397,171
Peru,1994,23887,199
Peru,1993,72404,575
Peru,1992,242237,801
Peru,1991,322562,2909
Philippines,2016,124,0
Philippines,2014,4547,8
Philippines,2013,6,0
Philippines,2012,1864,14
Philippines,2011,120,3
Philippines,2010,33,2
Philippines,2007,0,0
Philippines,2006,66,1
Philippines,2005,139,2
Philippines,2004,533,3
Philippines,2000,275,6
Philippines,1999,330,0
Philippines,1998,729,17
Philippines,1997,605,0
Philippines,1996,1402,14
Philippines,1995,847,4
Philippines,1994,3340,27
Philippines,1993,708,10
Philippines,1992,345,0
Philippines,1985,10,1
Philippines,1982,930,31
Philippines,1981,864,51
Philippines,1980,836,61
Philippines,1979,1268,408
Philippines,1978,1408,122
Philippines,1977,1363,180
Philippines,1976,1258,160
Philippines,1975,680,15
Philippines,1974,1730,33
Philippines,1973,2840,447
Philippines,1972,5601,78
Philippines,1971,3585,109
Philippines,1970,1095,38
Philippines,1969,1541,106
Philippines,1968,2787,89
Philippines,1967,1629,52
Philippines,1966,5261,273
Philippines,1965,4581,448
Philippines,1964,16464,1518
Philippines,1963,3979,433
Philippines,1962,13015,1682
Philippines,1961,9923,1405
Poland,2005,1,0
Poland,1994,1,0
Portugal,1995,1,0
Portugal,1994,1,0
Portugal,1975,1066,8
Portugal,1974,2467,48
Portugal,1971,64,4
Qatar,2005,2,0
Qatar,2004,1,0
Republic of Korea,2016,4,0
Republic of Korea,2013,3,0
Republic of Korea,2010,1,0
Republic of Korea,2004,10,0
Republic of Korea,2001,138,0
Republic of Korea,1997,10,0
Republic of Korea,1995,74,0
Republic of Korea,1994,34,0
Republic of Korea,1993,5,0
Republic of Korea,1992,6,0
Republic of Korea,1991,113,4
Republic of Korea,1980,145,4
Republic of Korea,1970,475,23
Republic of Korea,1969,1538,137
Republic of Korea,1964,11,1
Republic of Korea,1963,415,38
Republic of Moldova,1995,240,5
Republic of Moldova,1994,8,0
Republic of Moldova,1993,1,0
Romania,1995,118,3
Romania,1994,80,4
Romania,1993,15,0
Romania,1992,3,0
Romania,1991,226,9
Romania,1990,270,1
Russian Federation,2014,1,0
Russian Federation,2012,1,0
Russian Federation,2010,3,0
Russian Federation,2006,1,0
Russian Federation,2004,1,0
Russian Federation,2001,53,0
Russian Federation,1999,8,0
Russian Federation,1998,10,0
Russian Federation,1997,11,0
Russian Federation,1996,4,1
Russian Federation,1995,9,0
Russian Federation,1994,1048,15
Russian Federation,1993,23,2
Russian Federation,1991,78,0
Russian Federation,1990,49,0
Russian Federation,1977,1,0
Russian Federation,1976,1,0
Russian Federation,1970,720,0
Rwanda,2016,355,0
Rwanda,2012,9,0
Rwanda,2009,67,0
Rwanda,2008,23,0
Rwanda,2007,1453,21
Rwanda,2006,405,21
Rwanda,2005,89,0
Rwanda,2004,586,0
Rwanda,2003,12,0
Rwanda,2001,157,2
Rwanda,2000,1235,8
Rwanda,1999,327,49
Rwanda,1998,3220,74
Rwanda,1997,274,16
Rwanda,1996,106,10
Rwanda,1995,3,0
Rwanda,1994,10,0
Rwanda,1993,568,34
Rwanda,1992,503,35
Rwanda,1991,679,35
Rwanda,1989,1,0
Rwanda,1988,70,3
Rwanda,1987,101,6
Rwanda,1986,226,7
Rwanda,1985,21,0
Rwanda,1984,161,13
Rwanda,1983,54,5
Rwanda,1982,201,2
Rwanda,1981,24,1
Rwanda,1980,30,4
Rwanda,1979,5,0
Rwanda,1978,838,48
Samoa,1980,1,0
Sao Tome and Principe,2008,119,4
Sao Tome and Principe,2007,90,0
Sao Tome and Principe,2006,926,9
Sao Tome and Principe,1991,3,1
Sao Tome and Principe,1990,804,9
Sao Tome and Principe,1989,3953,64
Saudi Arabia,1986,74,3
Saudi Arabia,1981,13,0
Saudi Arabia,1980,2,0
Saudi Arabia,1979,23,0
Saudi Arabia,1978,30,1
Saudi Arabia,1977,18,0
Saudi Arabia,1976,50,0
Saudi Arabia,1975,91,48
Saudi Arabia,1972,303,0
Saudi Arabia,1970,266,14
Senegal,2012,1,0
Senegal,2010,3,0
Senegal,2009,4,0
Senegal,2008,1283,20
Senegal,2007,3984,24
Senegal,2006,365,10
Senegal,2005,31719,458
Senegal,2004,1227,10
Senegal,1997,371,11
Senegal,1996,16107,765
Senegal,1995,3332,160
Senegal,1988,390,1
Senegal,1987,3150,288
Senegal,1986,476,63
Senegal,1985,2988,474
Senegal,1984,728,94
Senegal,1981,428,0
Senegal,1979,103,3
Senegal,1978,315,8
Senegal,1972,379,37
Senegal,1971,265,60
Seychelles,2008,0,0
Seychelles,2007,178,1
Seychelles,2006,0,0
Seychelles,2005,0,0
Sierra Leone,2013,377,32
Sierra Leone,2012,23124,299
Sierra Leone,2008,62,1
Sierra Leone,2007,2219,84
Sierra Leone,2006,2560,99
Sierra Leone,2005,6,0
Sierra Leone,2004,513,42
Sierra Leone,1999,863,5
Sierra Leone,1998,2096,57
Sierra Leone,1995,10285,447
Sierra Leone,1994,9709,623
Sierra Leone,1987,557,30
Sierra Leone,1986,8957,669
Sierra Leone,1977,12,0
Sierra Leone,1971,211,13
Sierra Leone,1970,293,74
Singapore,2014,2,0
Singapore,2013,2,0
Singapore,2012,2,0
Singapore,2004,11,1
Singapore,2003,1,0
Singapore,2001,8,0
Singapore,2000,10,0
Singapore,1999,11,0
Singapore,1998,31,2
Singapore,1997,19,0
Singapore,1996,19,1
Singapore,1995,14,0
Singapore,1994,41,1
Singapore,1993,24,0
Singapore,1992,17,0
Singapore,1991,34,2
Singapore,1990,26,0
Singapore,1989,39,0
Singapore,1988,19,0
Singapore,1987,63,0
Singapore,1986,27,0
Singapore,1985,27,1
Singapore,1984,40,8
Singapore,1983,14,0
Singapore,1982,31,0
Singapore,1981,34,0
Singapore,1980,18,0
Singapore,1979,10,0
Singapore,1978,83,0
Singapore,1977,11,0
Singapore,1975,10,0
Singapore,1974,8,0
Singapore,1973,1,0
Singapore,1972,114,3
Singapore,1969,11,4
Singapore,1968,6,0
Singapore,1964,24,3
Singapore,1963,27,2
Slovenia,2007,0,0
Somalia,2016,15619,548
Somalia,2015,7536,84
Somalia,2013,6864,140
Somalia,2012,22576,200
Somalia,2011,77636,1130
Somalia,2010,3510,103
Somalia,2009,208,3
Somalia,2008,1281,16
Somalia,2007,41643,1182
Somalia,2004,4490,26
Somalia,2003,11020,56
Somalia,2002,2775,159
Somalia,2001,2567,93
Somalia,2000,7496,563
Somalia,1999,17757,693
Somalia,1998,4417,196
Somalia,1997,6814,252
Somalia,1996,10274,464
Somalia,1995,9255,191
Somalia,1994,28334,1206
Somalia,1986,15980,1945
Somalia,1985,10199,1589
Somalia,1971,89,10
Somalia,1970,43,10
South Africa,2013,1,0
South Africa,2009,10520,57
South Africa,2008,3907,22
South Africa,2006,0,0
South Africa,2005,3503,28
South Africa,2004,2767,35
South Africa,2003,3901,45
South Africa,2002,10004,32
South Africa,2001,106159,232
South Africa,2000,19667,68
South Africa,1999,68,2
South Africa,1998,20,1
South Africa,1994,4,0
South Africa,1993,78,2
South Africa,1992,11,0
South Africa,1991,10,0
South Africa,1987,37,0
South Africa,1986,120,1
South Africa,1985,2742,4
South Africa,1984,1182,20
South Africa,1983,4715,63
South Africa,1982,11968,224
South Africa,1981,4180,52
South Africa,1980,859,16
South Africa,1979,2,0
South Africa,1974,37,0
South Africa,1973,1,0
South Sudan,2016,4295,82
South Sudan,2015,1818,47
South Sudan,2014,6421,167
South Viet Nam (former),1976,1068,0
South Viet Nam (former),1975,5,0
South Viet Nam (former),1974,139,2
South Viet Nam (former),1973,1495,18
South Viet Nam (former),1972,146,1
South Viet Nam (former),1971,270,1
South Viet Nam (former),1970,82,1
South Viet Nam (former),1969,2573,26
South Viet Nam (former),1968,1097,8
South Viet Nam (former),1967,7664,71
South Viet Nam (former),1966,8353,167
South Viet Nam (former),1965,1738,29
South Viet Nam (former),1964,20186,872
South Viet Nam (former),1954,3,3
South Viet Nam (former),1953,7,7
South Viet Nam (former),1952,7,6
South Viet Nam (former),1951,26,21
South Viet Nam (former),1950,9,4
Spain,2015,2,0
Spain,2008,5,0
Spain,2007,2,0
Spain,2006,2,0
Spain,1996,1,0
Spain,1995,6,0
Spain,1994,1,0
Spain,1993,3,0
Spain,1991,1,0
Spain,1990,11,0
Spain,1989,3,0
Spain,1987,2,0
Spain,1983,2,0
Spain,1982,2,0
Spain,1980,4,0
Spain,1976,2,0
Spain,1975,11,0
Sri Lanka,2002,9,1
Sri Lanka,2000,2,0
Sri Lanka,1999,108,5
Sri Lanka,1998,1536,49
Sri Lanka,1997,430,12
Sri Lanka,1993,1,0
Sri Lanka,1992,121,3
Sri Lanka,1991,70,2
Sri Lanka,1988,154,11
Sri Lanka,1983,86,2
Sri Lanka,1982,309,21
Sri Lanka,1981,574,57
Sri Lanka,1980,104,4
Sri Lanka,1979,46,0
Sri Lanka,1978,48,2
Sri Lanka,1977,5,0
Sri Lanka,1976,728,16
Sri Lanka,1975,1453,67
Sri Lanka,1974,4559,333
Sri Lanka,1973,118,13
Sudan (until 2011),2009,13681,52
Sudan (until 2011),2008,17241,118
Sudan (until 2011),2007,13731,500
Sudan (until 2011),2006,30662,1011
Sudan (until 2011),1999,0,0
Sudan (until 2011),1985,4457,239
Sudan (until 2011),1980,17,2
Sudan (until 2011),1979,845,176
Suriname,1992,12,1
Sweden,2015,1,0
Sweden,2011,1,0
Sweden,2006,1,0
Sweden,2004,1,0
Sweden,1996,1,0
Sweden,1995,2,0
Sweden,1994,1,0
Sweden,1992,1,0
Sweden,1987,1,0
Sweden,1986,1,0
Sweden,1979,1,0
Sweden,1976,1,0
Sweden,1974,1,0
Sweden,1973,10,0
Sweden,1971,4,0
Switzerland,2015,2,0
Switzerland,2006,1,0
Switzerland,1995,2,0
Switzerland,1993,2,0
Switzerland,1992,1,0
Switzerland,1988,1,0
Switzerland,1985,1,0
Switzerland,1978,1,0
Switzerland,1977,1,0
Syrian Arab Republic,1979,689,30
Syrian Arab Republic,1977,2362,66
Syrian Arab Republic,1976,795,11
Syrian Arab Republic,1975,67,6
Syrian Arab Republic,1972,505,25
Syrian Arab Republic,1971,5,0
Syrian Arab Republic,1970,49,0
Tajikistan,1994,10,0
Tajikistan,1993,165,5
Thailand,2016,52,1
Thailand,2015,125,1
Thailand,2014,12,0
Thailand,2013,8,0
Thailand,2012,29,0
Thailand,2011,279,4
Thailand,2009,315,2
Thailand,2008,436,3
Thailand,2007,1428,7
Thailand,2006,35,0
Thailand,1994,3487,5
Thailand,1988,3418,41
Thailand,1987,6353,36
Thailand,1986,213,1
Thailand,1985,899,14
Thailand,1984,645,19
Thailand,1983,1497,41
Thailand,1982,638,16
Thailand,1981,39,2
Thailand,1980,4331,85
Thailand,1979,1788,44
Thailand,1978,4183,123
Thailand,1977,383,5
Thailand,1976,6,0
Thailand,1975,1335,88
Thailand,1974,1475,64
Thailand,1973,844,33
Thailand,1969,961,40
Thailand,1968,404,21
Thailand,1967,148,6
Thailand,1966,401,21
Thailand,1965,65,4
Thailand,1964,960,30
Thailand,1963,2230,156
Thailand,1959,4368,613
Thailand,1958,10201,1426
Thailand,1951,1,0
Thailand,1949,16,2
Togo,2015,35,1
Togo,2014,262,11
Togo,2013,166,4
Togo,2012,61,1
Togo,2011,4,0
Togo,2010,72,3
Togo,2009,218,1
Togo,2008,397,3
Togo,2007,65,1
Togo,2006,1159,25
Togo,2005,1320,15
Togo,2004,1080,33
Togo,2003,384,28
Togo,2002,257,14
Togo,2001,2551,130
Togo,2000,338,23
Togo,1999,667,31
Togo,1998,3217,221
Togo,1997,42,7
Togo,1996,146,17
Togo,1995,65,4
Togo,1994,47,5
Togo,1993,19,2
Togo,1992,753,53
Togo,1991,2396,81
Togo,1988,1,0
Togo,1978,6,6
Togo,1977,132,12
Togo,1974,58,8
Togo,1972,16,0
Togo,1971,335,26
Togo,1970,75,3
Tonga,2001,145,2
Tunisia,1973,656,16
Tunisia,1972,4,0
Tunisia,1970,27,0
Turkey,1977,17,0
Turkey,1970,384,52
Turkmenistan,2002,30,2
Turkmenistan,2001,561,6
Turkmenistan,1997,55,0
Turkmenistan,1994,1,0
Tuvalu,1992,293,8
Tuvalu,1990,42,0
Uganda,2016,516,11
Uganda,2015,1461,33
Uganda,2014,309,9
Uganda,2013,748,27
Uganda,2012,6326,135
Uganda,2010,2341,78
Uganda,2009,1095,23
Uganda,2008,3726,120
Uganda,2007,276,3
Uganda,2006,5194,106
Uganda,2005,4924,98
Uganda,2004,3380,91
Uganda,2003,4377,129
Uganda,2002,2274,133
Uganda,2001,247,4
Uganda,2000,2807,172
Uganda,1999,5179,228
Uganda,1998,49514,2064
Uganda,1997,2610,188
Uganda,1996,291,40
Uganda,1995,538,66
Uganda,1994,704,39
Uganda,1992,5072,104
Uganda,1991,279,28
Uganda,1987,140,50
Uganda,1982,190,48
Uganda,1980,1539,181
Uganda,1979,940,60
Uganda,1978,1120,110
Uganda,1975,3,0
Uganda,1971,757,30
Ukraine,2011,33,0
Ukraine,2007,0,0
Ukraine,1999,2,0
Ukraine,1995,525,10
Ukraine,1994,813,20
Ukraine,1991,75,0
United Arab Emirates,1972,2,0
United Kingdom of Great Britain and Northern Ireland,2016,19,0
United Kingdom of Great Britain and Northern Ireland,2015,15,0
United Kingdom of Great Britain and Northern Ireland,2014,14,0
United Kingdom of Great Britain and Northern Ireland,2013,6,0
United Kingdom of Great Britain and Northern Ireland,2012,17,0
United Kingdom of Great Britain and Northern Ireland,2011,32,0
United Kingdom of Great Britain and Northern Ireland,2010,8,0
United Kingdom of Great Britain and Northern Ireland,2009,16,0
United Kingdom of Great Britain and Northern Ireland,2008,8,0
United Kingdom of Great Britain and Northern Ireland,2007,32,0
United Kingdom of Great Britain and Northern Ireland,2006,49,0
United Kingdom of Great Britain and Northern Ireland,2004,13,0
United Kingdom of Great Britain and Northern Ireland,1998,18,0
United Kingdom of Great Britain and Northern Ireland,1997,6,0
United Kingdom of Great Britain and Northern Ireland,1996,13,0
United Kingdom of Great Britain and Northern Ireland,1995,10,0
United Kingdom of Great Britain and Northern Ireland,1994,18,0
United Kingdom of Great Britain and Northern Ireland,1993,13,0
United Kingdom of Great Britain and Northern Ireland,1992,5,0
United Kingdom of Great Britain and Northern Ireland,1991,8,0
United Kingdom of Great Britain and Northern Ireland,1990,6,0
United Kingdom of Great Britain and Northern Ireland,1989,1,0
United Kingdom of Great Britain and Northern Ireland,1988,10,0
United Kingdom of Great Britain and Northern Ireland,1987,2,0
United Kingdom of Great Britain and Northern Ireland,1986,11,0
United Kingdom of Great Britain and Northern Ireland,1985,4,1
United Kingdom of Great Britain and Northern Ireland,1984,5,0
United Kingdom of Great Britain and Northern Ireland,1983,4,0
United Kingdom of Great Britain and Northern Ireland,1982,1,0
United Kingdom of Great Britain and Northern Ireland,1981,12,0
United Kingdom of Great Britain and Northern Ireland,1977,2,0
United Kingdom of Great Britain and Northern Ireland,1976,1,0
United Kingdom of Great Britain and Northern Ireland,1975,1,0
United Kingdom of Great Britain and Northern Ireland,1974,3,0
United Kingdom of Great Britain and Northern Ireland,1973,5,0
United Kingdom of Great Britain and Northern Ireland,1972,2,0
United Kingdom of Great Britain and Northern Ireland,1971,3,0
United Kingdom of Great Britain and Northern Ireland,1970,1,0
United Republic of Tanzania,2016,11360,172
United Republic of Tanzania,2015,11563,144
United Republic of Tanzania,2013,270,17
United Republic of Tanzania,2012,286,4
United Republic of Tanzania,2011,942,11
United Republic of Tanzania,2010,4469,59
United Republic of Tanzania,2009,7700,113
United Republic of Tanzania,2008,2911,88
United Republic of Tanzania,2007,1609,65
United Republic of Tanzania,2006,14297,254
United Republic of Tanzania,2005,2945,94
United Republic of Tanzania,2004,10319,272
United Republic of Tanzania,2003,710,32
United Republic of Tanzania,2002,11920,297
United Republic of Tanzania,2001,1300,52
United Republic of Tanzania,2000,4637,156
United Republic of Tanzania,1999,12266,584
United Republic of Tanzania,1998,14488,608
United Republic of Tanzania,1997,40249,2231
United Republic of Tanzania,1996,1464,36
United Republic of Tanzania,1995,2957,96
United Republic of Tanzania,1994,2240,155
United Republic of Tanzania,1993,792,74
United Republic of Tanzania,1992,18526,2173
United Republic of Tanzania,1991,5676,572
United Republic of Tanzania,1990,2230,81
United Republic of Tanzania,1989,2150,232
United Republic of Tanzania,1988,5267,580
United Republic of Tanzania,1987,1892,232
United Republic of Tanzania,1986,1231,215
United Republic of Tanzania,1984,2600,338
United Republic of Tanzania,1983,1816,127
United Republic of Tanzania,1982,4071,324
United Republic of Tanzania,1981,4241,330
United Republic of Tanzania,1980,5196,587
United Republic of Tanzania,1979,2559,305
United Republic of Tanzania,1978,6608,733
United Republic of Tanzania,1977,297,26
United Republic of Tanzania,1974,10,6
United States of America,2016,14,0
United States of America,2015,4,0
United States of America,2014,7,0
United States of America,2013,14,0
United States of America,2012,18,0
United States of America,2011,42,0
United States of America,2010,15,0
United States of America,2009,10,0
United States of America,2008,5,0
United States of America,2007,7,0
United States of America,2006,8,0
United States of America,2005,12,0
United States of America,2004,5,0
United States of America,2000,4,0
United States of America,1999,6,0
United States of America,1998,17,0
United States of America,1997,4,0
United States of America,1996,3,0
United States of America,1995,19,0
United States of America,1994,47,0
United States of America,1993,19,0
United States of America,1992,103,1
United States of America,1991,26,0
United States of America,1990,7,0
United States of America,1988,9,0
United States of America,1987,6,0
Uzbekistan,1994,1,0
Venezuela (Bolivarian Republic of),2013,4,0
Venezuela (Bolivarian Republic of),2011,49,0
Venezuela (Bolivarian Republic of),2000,141,0
Venezuela (Bolivarian Republic of),1999,376,8
Venezuela (Bolivarian Republic of),1998,313,7
Venezuela (Bolivarian Republic of),1997,2551,59
Venezuela (Bolivarian Republic of),1996,269,9
Venezuela (Bolivarian Republic of),1993,409,10
Venezuela (Bolivarian Republic of),1992,2842,68
Venezuela (Bolivarian Republic of),1991,15,2
Viet Nam,2010,606,0
Viet Nam,2009,471,1
Viet Nam,2008,853,0
Viet Nam,2007,1946,0
Viet Nam,2005,0,0
Viet Nam,1999,169,0
Viet Nam,1998,13,1
Viet Nam,1997,4,0
Viet Nam,1996,566,2
Viet Nam,1995,6088,45
Viet Nam,1994,5776,68
Viet Nam,1993,3361,9
Viet Nam,1992,4260,110
Viet Nam,1991,52,1
Viet Nam,1990,358,4
Viet Nam,1989,143,0
Viet Nam,1988,343,7
Viet Nam,1987,216,5
Viet Nam,1986,525,8
Viet Nam,1985,502,9
Viet Nam,1984,22,0
Viet Nam,1983,392,0
Viet Nam,1982,57,0
Viet Nam,1981,157,8
Viet Nam,1980,978,49
Viet Nam,1979,365,28
Viet Nam,1978,2,0
Viet Nam,1977,32,0
State Union of Serbia and Montenegro (1993-2002),1994,2,0
State Union of Serbia and Montenegro (1993-2002),1989,4,0
State Union of Serbia and Montenegro (1993-2002),1981,2,0
State Union of Serbia and Montenegro (1993-2002),1976,3,1
Yemen,2016,15751,164
Yemen,2011,31789,134
Yemen,2010,300,4
Yemen,2009,55,3
Yemen,1992,4,0
Yemen Arab Republic (until 1990),1980,720,20
Yemen Arab Republic (until 1990),1978,414,12
Yemen Arab Republic (until 1990),1975,1,0
Yemen Arab Republic (until 1990),1974,6,1
Yemen Arab Republic (until 1990),1973,215,23
Yemen Arab Republic (until 1990),1972,1064,140
Yemen Arab Republic (until 1990),1971,190,26
Zambia,2012,198,2
Zambia,2011,330,7
Zambia,2010,6794,62
Zambia,2009,4712,80
Zambia,2008,2061,39
Zambia,2007,2286,35
Zambia,2006,5360,183
Zambia,2005,1503,7
Zambia,2004,12149,373
Zambia,2003,1049,29
Zambia,2002,339,12
Zambia,2001,3109,165
Zambia,2000,4504,303
Zambia,1999,13511,535
Zambia,1998,171,0
Zambia,1997,36,0
Zambia,1996,2172,42
Zambia,1993,6766,426
Zambia,1992,11659,913
Zambia,1991,13154,1091
Zambia,1990,3717,315
Zambia,1989,44,44
Zambia,1983,233,19
Zambia,1982,1403,131
Zambia,1981,14,0
Zambia,1980,57,17
Zambia,1979,12,11
Zambia,1978,263,36
Zimbabwe,2016,10,1
Zimbabwe,2015,60,0
Zimbabwe,2012,23,1
Zimbabwe,2011,1220,2
Zimbabwe,2010,951,21
Zimbabwe,2009,68153,2706
Zimbabwe,2008,60055,2928
Zimbabwe,2007,65,4
Zimbabwe,2006,789,61
Zimbabwe,2005,516,26
Zimbabwe,2004,119,9
Zimbabwe,2003,1009,35
Zimbabwe,2002,3125,192
Zimbabwe,2001,650,14
Zimbabwe,2000,1675,223
Zimbabwe,1999,5637,385
Zimbabwe,1998,995,44
Zimbabwe,1993,5385,332
Zimbabwe,1992,2048,105
Zimbabwe,1985,144,6
Zimbabwe,1976,144,9
Zimbabwe,1975,615,33
Zimbabwe,1974,37,0
